,,,,,, Total facturas, Total pagado,Saldo,,,,,,,,,
,,,,,," $ 2,462,644.41 "," $ 471,916.95 ","$1,990,727.46",,,,,,,,,
Proveedor,Proveedor 2,Ubicacion,No. Factura,Fecha,Vence, Total de Factura, Total de pago,Fecha de pago, Saldo x proveedor, Mes de vencido, % de descuento financiero, Descuento financiero, Monto de factura despues de descuento financiero,,,,
AVANCE Y TECNOLOGIA EN PLASTICOS C00002085065,,RIO,FV1002748472,22/6/2026,7/7/2026," $ 1,279.20 ",,," $ 1,279.20 ",7,,,,,,,
AVANCE Y TECNOLOGIA EN PLASTICOS C00002085065,,,,,,,,,,,,,,,,,
AVANCE Y TECNOLOGIA EN PLASTICOS C00002085065,,,,,,,,,,,,,,,,,
AVANCE Y TECNOLOGIA EN PLASTICOS C00002085065,,,,,,,,,,,,,,,,,
AVANCE Y TECNOLOGIA EN PLASTICOS C00002085065,,,,,,,,,,,,,,,,,
CORPORACION IMPRESORA,(Dipak),,,,,,,, $ -   ,,,,,,RIO,$0,#REF!
CORPORACION IMPRESORA,(Dipak),,,,,,,,,,,,,,,,
CORPORACION IMPRESORA,(Dipak),,,,,,,,,,,,,,,,
CORPORACION IMPRESORA,(Dipak),,,,,,,,,,,,,,,,
CORPORACION IMPRESORA,(Dipak),,,,,,,,,,,,,,,,
CORPORACION IMPRESORA,(Dipak),,,,,,,,,,,,,,INSURGENTES,$0,#REF!
CORPORACION IMPRESORA,(Dipak),,,,,,,,,,,,,,,,
CORPORACION IMPRESORA,(Dipak),,,,,,,,,,,,,,,,
CORPORACION IMPRESORA,(Dipak),,,,,,,,,,,,,,,,
CORPORACION IMPRESORA,(Dipak),,,,,,,,,,,,,,,,
CORPORACION IMPRESORA,(Dipak),,,,,,,,,,,,,,,,
CORPORACION IMPRESORA,(Dipak),,,,,,,,,,,,,,,,
CORPORACION IMPRESORA,(Dipak),,,,,,,,,,,,,,,,
CORPORACION IMPRESORA,(Dipak),,,,,,,,,,,,,,,,
CORPORACION IMPRESORA,(Dipak),,,,,,,,,,,,,,,,
CORPORACION IMPRESORA,(Dipak),,,,,,,,,,,,,,,,
CORPORACION IMPRESORA,(Dipak),,,,,,,,,,,,,,,,
CORPORACION IMPRESORA,(Dipak),,,,,,,,,,,,,,,,
CORPORACION IMPRESORA,(Dipak),,,,,,,,,,,,,,,,
CORPORACION IMPRESORA,(Dipak),,,,,,,,,,,,,,,,
CORPORACION IMPRESORA,(Dipak),,,,,,,,,,,,,,,,
CORPORACION IMPRESORA,(Dipak),,,,,,,,,,,,,,,,
CORPORACION IMPRESORA,(Dipak),,,,,,,,,,,,,,,,
CORPORACION IMPRESORA,(Dipak),,,,,,,,,,,,,,,,
CONVERGRAM DE MEXICO,,INSURGENTES, AGD-515149,7/5/2026,6/6/2026," $ 6,781.82 ",,," $ 644,252.94 ",,,,,,RIO,"$236,861",#REF!
CONVERGRAM DE MEXICO,,INSURGENTES, AGD-515150,7/5/2026,6/6/2026," $ 38,737.04 ",,,,,,,,,,,
CONVERGRAM DE MEXICO,,INSURGENTES, AGD-515206,11/5/2026,10/6/2026," $ 12,988.52 ",,,,,,,,,,,
CONVERGRAM DE MEXICO,,INSURGENTES, AGD-515207,11/5/2026,10/6/2026," $ 17,984.64 ",,,,,,,,,,,
CONVERGRAM DE MEXICO,,ENSENADA, AGD-515212,11/5/2026,10/6/2026," $ 3,121.56 ",,,,,,,,,,,
CONVERGRAM DE MEXICO,,ENSENADA, AGD-515213,11/5/2026,10/6/2026," $ 14,209.30 "," $ 93,822.88 ",3/7/2026,,,,,,,,,
CONVERGRAM DE MEXICO,,INSURGENTES, AGD-515361,15/5/2026,14/6/2026," $ 3,287.44 ",,,,,,,,,,,
CONVERGRAM DE MEXICO,,INSURGENTES, AGD-515362,15/5/2026,14/6/2026," $ 3,287.44 ",,,,,,,,,,,
CONVERGRAM DE MEXICO,,INSURGENTES, AGD-515363,15/5/2026,14/6/2026," $ 1,478.30 ",,,,,,,,,,,
CONVERGRAM DE MEXICO,,INSURGENTES, AGD-515364,15/5/2026,14/6/2026, $ 299.98 ,,,,,,,,,,,
CONVERGRAM DE MEXICO,,RIO, AGD-515365,15/5/2026,14/6/2026, $ 923.36 ,,,,,,,,,,,
CONVERGRAM DE MEXICO,,RIO, AGD-515366,15/5/2026,14/6/2026, $ 985.54 ,,,,,,,,,,,
CONVERGRAM DE MEXICO,,RIO, AGD-515367,15/5/2026,14/6/2026," $ 4,931.16 ",,,,,,,,,,,
CONVERGRAM DE MEXICO,,RIO, AGD-515368,15/5/2026,14/6/2026, $ 322.48 ,,,,,,,,,,,
CONVERGRAM DE MEXICO,,INSURGENTES, AGD-515610,22/5/2026,21/6/2026," $ 5,020.39 ",,,,,,,,,,,
CONVERGRAM DE MEXICO,,RIO, AGD-515611,22/5/2026,21/6/2026," $ 2,985.84 ",,,,,,,,,,,
CONVERGRAM DE MEXICO,,RIO, AGD-515612,22/5/2026,21/6/2026," $ 15,956.15 ",,,,,,,,,,,
CONVERGRAM DE MEXICO,,RIO, AGD-515613,22/5/2026,21/6/2026," $ 8,999.86 ",,,,,,,,,,,
CONVERGRAM DE MEXICO,,INSURGENTES, AGD-515614,22/5/2026,21/6/2026, $ 542.88 ,,,,,,,,,,,
CONVERGRAM DE MEXICO,,INSURGENTES, AGD-515615,22/5/2026,21/6/2026," $ 3,208.91 ",,,,,,,,,,,
CONVERGRAM DE MEXICO,,INSURGENTES, AGD-515616,22/5/2026,21/6/2026," $ 6,177.12 ",,,,,,,,,,,
CONVERGRAM DE MEXICO,,INSURGENTES, AGD-515617,22/5/2026,21/6/2026," $ 32,370.96 "," $ 90,777.81 ",6/7/2026,,,,,,,,,
CONVERGRAM DE MEXICO,,INSURGENTES, AGD-514599,29/4/2026,22/6/2026," $ 1,643.72 ",,,,6,,,,,,,
CONVERGRAM DE MEXICO,,INSURGENTES, AGD-514029,20/4/2026,22/6/2026," $ 3,426.64 ",,,,6,,,,,,,
CONVERGRAM DE MEXICO,,INSURGENTES, AGD-511205,20/2/2026,22/6/2026," $ 7,753.44 ",,,,6,,,,,,,
CONVERGRAM DE MEXICO,,INSURGENTES, AGD-511206,20/2/2026,22/6/2026," $ 11,990.22 ",,,,6,,,,,,,
CONVERGRAM DE MEXICO,,INSURGENTES, AGD-512944,31/3/2026,22/6/2026," $ 1,684.78 ",,,,6,,,,,,,
CONVERGRAM DE MEXICO,,INSURGENTES, AGD-515725,26/5/2026,25/6/2026, $ 220.69 ,,,,6,,,,,,,
CONVERGRAM DE MEXICO,,INSURGENTES, AGD-515726,26/5/2026,25/6/2026," $ 2,447.48 ",,,,6,,,,,,,
CONVERGRAM DE MEXICO,,INSURGENTES, AGD-515727,26/5/2026,25/6/2026, $ 220.69 ,,,,6,,,,,,,
CONVERGRAM DE MEXICO,,INSURGENTES, AGD-515728,26/5/2026,25/6/2026," $ 1,321.70 ",,,,6,,,,,,,
CONVERGRAM DE MEXICO,,INSURGENTES, AGD-515729,26/5/2026,25/6/2026," $ 1,344.32 ",,,,6,,,,,,,
CONVERGRAM DE MEXICO,,INSURGENTES, AGD-515730,26/5/2026,25/6/2026, $ 814.32 ,,,,6,,,,,,,
CONVERGRAM DE MEXICO,,INSURGENTES, AGD-515731,26/5/2026,25/6/2026, $ 542.88 ,,,,6,,,,,,,
CONVERGRAM DE MEXICO,,INSURGENTES, AGD-515732,26/5/2026,25/6/2026, $ 619.79 ,,,,6,,,,,,,
CONVERGRAM DE MEXICO,,INSURGENTES, AGD-515747,26/5/2026,25/6/2026," $ 2,137.66 ",,,,6,,,,,,,
CONVERGRAM DE MEXICO,,INSURGENTES, AGD-515748,26/5/2026,25/6/2026," $ 8,364.84 ",,,,6,,,,,,,
CONVERGRAM DE MEXICO,,INSURGENTES, AGD-515749,26/5/2026,25/6/2026, $ 422.59 ,,,,6,,,,,,,
CONVERGRAM DE MEXICO,,INSURGENTES, AGD-515750,26/5/2026,25/6/2026," $ 3,496.24 ",,,,6,,,,,,,
CONVERGRAM DE MEXICO,,INSURGENTES, AGD-515761,26/5/2026,25/6/2026," $ 3,718.73 ",,,,6,,,,,,,
CONVERGRAM DE MEXICO,,INSURGENTES, AGD-515762,26/5/2026,25/6/2026," $ 3,391.38 ",,,,6,,,,,,,
CONVERGRAM DE MEXICO,,INSURGENTES, AGD-515785,27/5/2026,26/6/2026," $ 20,221.06 ",,,,6,,,,,,,
CONVERGRAM DE MEXICO,,INSURGENTES, AGD-515786,27/5/2026,26/6/2026," $ 5,388.55 ",,,,6,,,,,,,
CONVERGRAM DE MEXICO,,INSURGENTES, AGD-515787,27/5/2026,26/6/2026," $ 2,229.52 ",,,,6,,,,,,,
CONVERGRAM DE MEXICO,,INSURGENTES, AGD-515788,27/5/2026,26/6/2026," $ 10,559.36 ",,,,6,,,,,,,
CONVERGRAM DE MEXICO,,INSURGENTES, AGD-515789,27/5/2026,26/6/2026," $ 54,005.66 ",,,,6,,,,,,,
CONVERGRAM DE MEXICO,,RIO, AGD-515852,28/5/2026,27/6/2026," $ 22,057.40 ",,,,7,,,,,,,
CONVERGRAM DE MEXICO,,INSURGENTES, AGD-516212,3/6/2026,2/7/2026, $ 220.69 ,,,,7,,,,,,,
CONVERGRAM DE MEXICO,,INSURGENTES, AGD-516213,3/6/2026,2/7/2026, $ 422.24 ,,,,7,,,,,,,
CONVERGRAM DE MEXICO,,INSURGENTES, AGD-516214,3/6/2026,2/7/2026, $ 337.79 ,,,,7,,,,,,,
CONVERGRAM DE MEXICO,,INSURGENTES, AGD-516215,3/6/2026,2/7/2026, $ 220.69 ,,,,7,,,,,,,
CONVERGRAM DE MEXICO,,INSURGENTES, AGD-516216,3/6/2026,2/7/2026, $ 220.69 ,,,,7,,,,,,,
CONVERGRAM DE MEXICO,,INSURGENTES, AGD-516217,3/6/2026,2/7/2026, $ 220.69 ,,,,7,,,,,,,
CONVERGRAM DE MEXICO,,INSURGENTES, AGD-516218,3/6/2026,2/7/2026," $ 2,447.37 ",,,,7,,,,,,,
CONVERGRAM DE MEXICO,,INSURGENTES, AGD-516219,3/6/2026,2/7/2026, $ 211.12 ,,,,7,,,,,,,
CONVERGRAM DE MEXICO,,INSURGENTES, AGD-516220,3/6/2026,2/7/2026," $ 7,784.76 ",,,,7,,,,,,,
CONVERGRAM DE MEXICO,,INSURGENTES, AGD-516223,3/6/2026,2/7/2026," $ 5,001.46 ",,,,7,,,,,,,
CONVERGRAM DE MEXICO,,RIO, AGD-516224,3/6/2026,2/7/2026, $ 441.38 ,,,,7,,,,,,,
CONVERGRAM DE MEXICO,,RIO, AGD-516225,3/6/2026,2/7/2026, $ 220.69 ,,,,7,,,,,,,
CONVERGRAM DE MEXICO,,RIO, AGD-516226,3/6/2026,2/7/2026," $ 4,167.88 ",,,,7,,,,,,,
CONVERGRAM DE MEXICO,,RIO, AGD-516227,3/6/2026,2/7/2026," $ 2,226.16 ",,,,7,,,,,,,
CONVERGRAM DE MEXICO,,RIO, AGD-516228,3/6/2026,2/7/2026," $ 1,484.10 ",,,,7,,,,,,,
CONVERGRAM DE MEXICO,,RIO, AGD-516229,3/6/2026,2/7/2026," $ 20,664.24 ",,,,7,,,,,,,
CONVERGRAM DE MEXICO,,INSURGENTES, AGD-516243,3/6/2026,2/7/2026," $ 3,758.40 ",,,,7,,,,,,,
CONVERGRAM DE MEXICO,,INSURGENTES, AGD-516258,4/6/2026,3/7/2026," $ 14,327.16 ",,,,7,,,,,,,
CONVERGRAM DE MEXICO,,RIO, AGD-516518,11/6/2026,10/7/2026," $ 1,631.66 ",,,,7,,,,,,,
CONVERGRAM DE MEXICO,,RIO, AGD-516519,11/6/2026,10/7/2026," $ 1,890.80 ",,,,7,,,,,,,
CONVERGRAM DE MEXICO,,RIO, AGD-516520,11/6/2026,10/7/2026," $ 3,145.92 ",,,,7,,,,,,,
CONVERGRAM DE MEXICO,,RIO, AGD-516670,15/6/2026,14/7/2026," $ 1,598.48 ",,,,7,,,,,,,
CONVERGRAM DE MEXICO,,RIO, AGD-517060,24/6/2026,23/7/2026," $ 2,102.85 ",,,,7,,,,,,,
CONVERGRAM DE MEXICO,,RIO, AGD-513775,15/4/2026,24/7/2026," $ 12,283.24 ",,,,7,,,,,,,
CONVERGRAM DE MEXICO,,RIO, AGD-513776,15/4/2026,24/7/2026," $ 1,071.84 ",,,,7,,,,,,,
CONVERGRAM DE MEXICO,,INSURGENTES, AGD-513847,15/4/2026,24/7/2026," $ 8,387.96 ",,,,7,,,,,,,
CONVERGRAM DE MEXICO,,INSURGENTES, AGD-513471,9/4/2026,24/7/2026," $ 6,643.78 ",,,,7,,,,,,,
CONVERGRAM DE MEXICO,,INSURGENTES, AGD-513485,10/4/2026,24/7/2026," $ 1,668.08 ",,,,7,,,,,,,
CONVERGRAM DE MEXICO,,INSURGENTES, AGD-513487,10/4/2026,24/7/2026, $ 842.39 ,,,,7,,,,,,,
CONVERGRAM DE MEXICO,,INSURGENTES, AGD-514598,29/4/2026,24/7/2026," $ 3,522.92 ",,,,7,,,,,,,
CONVERGRAM DE MEXICO,,INSURGENTES, AGD-514600,29/4/2026,24/7/2026," $ 11,431.80 ",,,,7,,,,,,,
CONVERGRAM DE MEXICO,,INSURGENTES, AGD-514601,29/4/2026,24/7/2026," $ 3,522.92 ",,,,7,,,,,,,
CONVERGRAM DE MEXICO,,INSURGENTES, AGD-514030,20/4/2026,24/7/2026," $ 3,287.44 ",,,,7,,,,,,,
CONVERGRAM DE MEXICO,,INSURGENTES, AGD-514380,27/4/2026,24/7/2026," $ 5,637.60 ",,,,7,,,,,,,
CONVERGRAM DE MEXICO,,INSURGENTES, AGD-514381,27/4/2026,24/7/2026," $ 21,441.44 ",,,,7,,,,,,,
CONVERGRAM DE MEXICO,,INSURGENTES, AGD-514382,27/4/2026,24/7/2026," $ 4,727.00 ",,,,7,,,,,,,
CONVERGRAM DE MEXICO,,INSURGENTES, AGD-514383,27/4/2026,24/7/2026," $ 4,931.16 ",,,,7,,,,,,,
CONVERGRAM DE MEXICO,,INSURGENTES, AGD-514385,27/4/2026,24/7/2026," $ 4,979.88 ",,,,7,,,,,,,
CONVERGRAM DE MEXICO,,INSURGENTES, AGD-514387,27/4/2026,24/7/2026," $ 1,643.72 ",,,,7,,,,,,,
CONVERGRAM DE MEXICO,,RIO, AGD-514390,27/4/2026,24/7/2026, $ 945.40 ,,,,7,,,,,,,
CONVERGRAM DE MEXICO,,RIO, AGD-514391,27/4/2026,24/7/2026," $ 4,698.00 ",,,,7,,,,,,,
CONVERGRAM DE MEXICO,,RIO, AGD-514392,27/4/2026,24/7/2026," $ 4,979.88 ",,,,7,,,,,,,
CONVERGRAM DE MEXICO,,INSURGENTES, AGD-512254,24/3/2026,24/7/2026," $ 1,643.72 ",,,,7,,,,,,,
CONVERGRAM DE MEXICO,,INSURGENTES, AGD-512257,24/3/2026,24/7/2026," $ 4,931.16 ",,,,7,,,,,,,
CONVERGRAM DE MEXICO,,RIO, AGD-512260,24/3/2026,24/7/2026," $ 3,287.44 ",,,,7,,,,,,,
CONVERGRAM DE MEXICO,,INSURGENTES, AGD-512300,24/3/2026,24/7/2026," $ 12,229.30 ",,,,7,,,,,,,
CONVERGRAM DE MEXICO,,RIO, AGD-512479,27/3/2026,24/7/2026," $ 16,599.83 ",,,,7,,,,,,,
CONVERGRAM DE MEXICO,,RIO, AGD-511053,16/2/2026,24/7/2026," $ 25,877.28 ",,,,7,,,,,,,
CONVERGRAM DE MEXICO,,INSURGENTES, AGD-511374,25/2/2026,24/7/2026," $ 28,066.20 ",,,,7,,,,,,,
CONVERGRAM DE MEXICO,,INSURGENTES, AGD-511375,25/2/2026,24/7/2026," $ 30,242.45 ",,,,7,,,,,,,
CONVERGRAM DE MEXICO,,RIO, AGD-511376,25/2/2026,24/7/2026," $ 19,604.23 ",,,,7,,,,,,,
CONVERGRAM DE MEXICO,,INSURGENTES, AGD-511878,12/3/2026,24/7/2026," $ 11,641.40 ",,,,7,,,,,,,
CONVERGRAM DE MEXICO,,RIO, AGD-512721,31/3/2026,24/7/2026," $ 31,215.48 ",,,,7,,,,,,,
CONVERGRAM DE MEXICO,,RIO, AGD-512730,31/3/2026,24/7/2026," $ 2,105.98 ",,,,7,,,,,,,
CONVERGRAM DE MEXICO,,INSURGENTES, AGD-512733,31/3/2026,24/7/2026," $ 5,511.86 ",,,,7,,,,,,,
CONVERGRAM DE MEXICO,,INSURGENTES, AGD-512947,31/3/2026,24/7/2026," $ 18,901.50 ",,,,7,,,,,,,
CONVERGRAM DE MEXICO,,INSURGENTES, AGD-512496,27/3/2026,24/7/2026," $ 2,040.44 ",,,,7,,,,,,,
CONVERGRAM DE MEXICO,,RIO, AGD-512503,27/3/2026,24/7/2026," $ 14,339.92 ",,,,7,,,,,,,
CONVERGRAM DE MEXICO,,INSURGENTES, AGD-512520,27/3/2026,24/7/2026," $ 39,080.75 ",,,,7,,,,,,,
CONVERGRAM DE MEXICO,,INSURGENTES, AGD-512562,30/3/2026,24/7/2026," $ 10,658.58 ",,,,7,,,,,,,
CONVERGRAM DE MEXICO,,RIO, AGD-512563,30/3/2026,24/7/2026," $ 3,116.57 ",,,,7,,,,,,,
CONVERGRAM DE MEXICO,,INSURGENTES, AGD-512221,24/3/2026,24/7/2026," $ 11,741.52 ",,,,7,,,,,,,
CONVERGRAM DE MEXICO,,,,,,,,,,,,,,,,,
CONVERGRAM DE MEXICO,,,,,,,,,,,,,,,,,
CONVERGRAM DE MEXICO,,,,,,,,,,,,,,,,,
CONVERGRAM DE MEXICO,,,,,,,,,,,,,,,,,
CONVERGRAM DE MEXICO,,,,,,,,,,,,,,,,,
CONVERGRAM DE MEXICO,,,,,,,,,,,,,,,,,
CONVERGRAM DE MEXICO,,,,,,,,,,,,,,,,,
CONVERGRAM DE MEXICO,,,,,,,,,,,,,,,,,
CONVERGRAM DE MEXICO,,,,,,,,,,,,,,,,,
CONVERGRAM DE MEXICO,,,,,,,,,,,,,,,,,
CONVERGRAM DE MEXICO,,,,,,,,,,,,,,,,,
CONVERGRAM DE MEXICO,,,,,,,,,,,,,,,,,
CONVERGRAM DE MEXICO,,,,,,,,,,,,,,,,,
CONVERGRAM DE MEXICO,,,,,,,,,,,,,,,,,
CONVERGRAM DE MEXICO,,,,,,,,,,,,,,,,,
CONVERGRAM DE MEXICO,,,,,,,,,,,,,,,,,
CONVERGRAM DE MEXICO,,,,,,,,,,,,,,,,,
DISTRIBUIDORA DE GLOBOS Y ACCESORIOS (DIGLOSA),,INSURGENTES,,10/6/2026,10/7/2026," $ 49,357.00 ",,," $ 52,507.00 ",7,,,,,,,
DISTRIBUIDORA DE GLOBOS Y ACCESORIOS (DIGLOSA),,INSURGENTES,,11/6/2026,11/7/2026," $ 3,150.00 ",,,,7,,,,,,,
DISTRIBUIDORA DE GLOBOS Y ACCESORIOS (DIGLOSA),,,,,,,,,,,,,,,,,
DISTRIBUIDORA DE GLOBOS Y ACCESORIOS (DIGLOSA),,,,,,,,,,,,,,,,,
DISTRIBUIDORA DE GLOBOS Y ACCESORIOS (DIGLOSA),,,,,,,,,,,,,,,,,
DISTRIBUIDORA DE GLOBOS Y ACCESORIOS (DIGLOSA),,,,,,,,,,,,,,,,,
DISTRIBUIDORA DE GLOBOS Y ACCESORIOS (DIGLOSA),,,,,,,,,,,,,,,,,
ESTAFETA MEXICANA,,,,,,,,, $ -   ,,,,,,,,
ESTAFETA MEXICANA,,,,,,,,,,,,,,,,,
ESTAFETA MEXICANA,,,,,,,,,,,,,,,,,
ESTAFETA MEXICANA,,,,,,,,,,,,,,,,,
FABRICAS SELECTAS DEL CENTRO,,RIO,IC-3367942,30/4/2026,14/6/2026," $ 22,739.24 ",,," $ 599,136.09 ",,,,,,,0,0
FABRICAS SELECTAS DEL CENTRO,,INSURGENTES,IC-3367749,30/4/2026,14/6/2026, $ 707.60 ,,,,,,,,,,,
FABRICAS SELECTAS DEL CENTRO,,RIO,IC-3367770,30/4/2026,14/6/2026," $ 4,784.54 ",,,,,,,,,,,
FABRICAS SELECTAS DEL CENTRO,,INSURGENTES,IC-3367780,30/4/2026,14/6/2026, $ 924.29 ,,,,,,,,,RIO,"$236,154",#REF!
FABRICAS SELECTAS DEL CENTRO,,INSURGENTES,IC-3367849,30/4/2026,14/6/2026," $ 22,571.30 ",,,,,,,,,MEXICALI,$0,#DIV/0!
FABRICAS SELECTAS DEL CENTRO,,ENSENADA,IC-3367850,30/4/2026,14/6/2026," $ 8,149.48 ",,,,,,,,,,,
FABRICAS SELECTAS DEL CENTRO,,RIO,IC-3367897,30/4/2026,14/6/2026," $ 34,219.09 ",,,,,,,,,,,
FABRICAS SELECTAS DEL CENTRO,,INSURGENTES,IC-3367959,30/4/2026,14/6/2026," $ 26,964.93 "," $ 121,060.47 ",6 julio,,,,,,,,,
FABRICAS SELECTAS DEL CENTRO,,RIO,IC-3368736,8/5/2026,22/6/2026," $ 15,088.54 ",,,,6,,,,,,,
FABRICAS SELECTAS DEL CENTRO,,RIO,IC-3368749,8/5/2026,22/6/2026," $ 1,232.38 ",,,,6,,,,,,,
FABRICAS SELECTAS DEL CENTRO,,INSURGENTES,IC-3368750,8/5/2026,22/6/2026," $ 2,431.80 ",,,,6,,,,,,,
FABRICAS SELECTAS DEL CENTRO,,RIO,IC-3368776,8/5/2026,22/6/2026," $ 25,608.87 ",,,,6,,,,,,,
FABRICAS SELECTAS DEL CENTRO,,INSURGENTES,IC-3368792,8/5/2026,22/6/2026," $ 10,063.60 ",,,,6,,,,,,,
FABRICAS SELECTAS DEL CENTRO,,RIO,IC-3368799,8/5/2026,22/6/2026," $ 1,234.85 ",,,,6,,,,,,,
FABRICAS SELECTAS DEL CENTRO,,INSURGENTES,IC-3369404,14/5/2026,28/6/2026," $ 7,246.75 ",,,,6,,,,,,,
FABRICAS SELECTAS DEL CENTRO,,INSURGENTES,IC-3369448,14/5/2026,28/6/2026," $ 24,501.98 ",,,,6,,,,,,,
FABRICAS SELECTAS DEL CENTRO,,INSURGENTES,IC-3369578,15/5/2026,29/6/2026," $ 39,749.27 ",,,,6,,,,,,,
FABRICAS SELECTAS DEL CENTRO,,INSURGENTES,IC-3369597,15/5/2026,29/6/2026," $ 4,929.54 ",,,,6,,,,,,,
FABRICAS SELECTAS DEL CENTRO,,INSURGENTES,IC-3369598,15/5/2026,29/6/2026," $ 26,121.56 ",,,,6,,,,,,,
FABRICAS SELECTAS DEL CENTRO,,RIO,IC-3369607,15/5/2026,29/6/2026," $ 11,866.11 ",,,,6,,,,,,,
FABRICAS SELECTAS DEL CENTRO,,ENSENADA,IC-3369640,15/5/2026,29/6/2026," $ 48,310.55 ",,,,6,,,,,,,
FABRICAS SELECTAS DEL CENTRO,,INSURGENTES,IC-3369649,15/5/2026,29/6/2026," $ 3,697.16 ",,,,6,,,,,,,
FABRICAS SELECTAS DEL CENTRO,,ENSENADA,IC-3369844,18/5/2026,2/7/2026," $ 4,929.54 ",,,,7,,,,,,,
FABRICAS SELECTAS DEL CENTRO,,ENSENADA,IC-3369905,19/5/2026,3/7/2026," $ 13,624.91 ",,,,7,,,,,,,
FABRICAS SELECTAS DEL CENTRO,,INSURGENTES,IC-3370492,22/5/2026,6/7/2026," $ 4,799.62 ",,,,7,,,,,,,
FABRICAS SELECTAS DEL CENTRO,,RIO,IC-3370510,22/5/2026,6/7/2026," $ 10,031.56 ",,,,7,,,,,,,
FABRICAS SELECTAS DEL CENTRO,,RIO,IC-3370511,22/5/2026,6/7/2026," $ 18,538.78 ",,,,7,,,,,,,
FABRICAS SELECTAS DEL CENTRO,,INSURGENTES,IC-3370519,22/5/2026,6/7/2026," $ 13,706.53 ",,,,7,,,,,,,
FABRICAS SELECTAS DEL CENTRO,,INSURGENTES,IC-3370530,22/5/2026,6/7/2026," $ 6,915.46 ",,,,7,,,,,,,
FABRICAS SELECTAS DEL CENTRO,,INSURGENTES,IC-3370556,22/5/2026,6/7/2026," $ 4,724.32 ",,,,7,,,,,,,
FABRICAS SELECTAS DEL CENTRO,,INSURGENTES,IC-3370589,22/5/2026,6/7/2026, $ 331.20 ,,,,7,,,,,,,
FABRICAS SELECTAS DEL CENTRO,,RIO,IC-3370621,22/5/2026,6/7/2026, $ 898.68 ,,,,7,,,,,,,
FABRICAS SELECTAS DEL CENTRO,,ENSENADA,IC-3370622,22/5/2026,6/7/2026," $ 4,871.17 ",,,,7,,,,,,,
FABRICAS SELECTAS DEL CENTRO,,RIO,IC-3370915,26/5/2026,10/7/2026," $ 13,366.49 ",,,,7,,,,,,,
FABRICAS SELECTAS DEL CENTRO,,RIO,IC-3370958,26/5/2026,10/7/2026," $ 8,311.61 ",,,,7,,,,,,,
FABRICAS SELECTAS DEL CENTRO,,RIO,IC-3371704,29/5/2026,13/7/2026," $ 4,613.27 ",,,,7,,,,,,,
FABRICAS SELECTAS DEL CENTRO,,RIO,IC-3371705,29/5/2026,13/7/2026," $ 25,062.73 ",,,,7,,,,,,,
FABRICAS SELECTAS DEL CENTRO,,RIO,IC-3371787,29/5/2026,13/7/2026," $ 1,866.90 ",,,,7,,,,,,,
FABRICAS SELECTAS DEL CENTRO,,INSURGENTES,IC-3371799,29/5/2026,13/7/2026," $ 2,835.48 ",,,,7,,,,,,,
FABRICAS SELECTAS DEL CENTRO,,RIO,IC-3371800,29/5/2026,13/7/2026," $ 4,769.70 ",,,,7,,,,,,,
FABRICAS SELECTAS DEL CENTRO,,RIO,IC-3371804,29/5/2026,13/7/2026," $ 1,773.41 ",,,,7,,,,,,,
FABRICAS SELECTAS DEL CENTRO,,RIO,IC-3371805,29/5/2026,13/7/2026," $ 4,964.56 ",,,,7,,,,,,,
FABRICAS SELECTAS DEL CENTRO,,INSURGENTES,IC-3372745,5/6/2026,20/7/2026, $ 863.04 ,,,,7,,,,,,,
FABRICAS SELECTAS DEL CENTRO,,RIO,IC-3372746,5/6/2026,20/7/2026," $ 2,464.77 ",,,,7,,,,,,,
FABRICAS SELECTAS DEL CENTRO,,INSURGENTES,IC-3372762,5/6/2026,20/7/2026," $ 6,790.18 ",,,,7,,,,,,,
FABRICAS SELECTAS DEL CENTRO,,INSURGENTES,IC-3372833,5/6/2026,20/7/2026," $ 7,665.89 ",,,,7,,,,,,,
FABRICAS SELECTAS DEL CENTRO,,INSURGENTES,IC-3372854,5/6/2026,20/7/2026," $ 20,275.17 ",,,,7,,,,,,,
FABRICAS SELECTAS DEL CENTRO,,INSURGENTES,IC-3372866,5/6/2026,20/7/2026, $ 662.60 ,,,,7,,,,,,,
FABRICAS SELECTAS DEL CENTRO,,INSURGENTES,IC-3372867,5/6/2026,20/7/2026," $ 6,697.48 ",,,,7,,,,,,,
FABRICAS SELECTAS DEL CENTRO,,INSURGENTES,IC-3372871,5/6/2026,20/7/2026," $ 5,029.58 ",,,,7,,,,,,,
FABRICAS SELECTAS DEL CENTRO,,RIO,IC-3372883,5/6/2026,20/7/2026," $ 25,067.94 ",,,,7,,,,,,,
FABRICAS SELECTAS DEL CENTRO,,ENSENADA,IC-3372888,5/6/2026,20/7/2026," $ 15,325.48 ",,,,7,,,,,,,
FABRICAS SELECTAS DEL CENTRO,,INSURGENTES,IC-3372910,5/6/2026,20/7/2026," $ 29,052.24 ",,,,7,,,,,,,
FABRICAS SELECTAS DEL CENTRO,,RIO,IC-3373487,11/6/2026,26/7/2026," $ 19,012.04 ",,,,7,,,,,,,
FABRICAS SELECTAS DEL CENTRO,,INSURGENTES,IC-3373564,12/6/2026,27/7/2026," $ 34,671.38 ",,,,7,,,,,,,
FABRICAS SELECTAS DEL CENTRO,,INSURGENTES,IC-3373587,12/6/2026,27/7/2026," $ 22,744.34 ",,,,7,,,,,,,
FABRICAS SELECTAS DEL CENTRO,,INSURGENTES,IC-3373588,12/6/2026,27/7/2026," $ 23,633.16 ",,,,7,,,,,,,
FABRICAS SELECTAS DEL CENTRO,,RIO,IC-3374264,18/6/2026,2/8/2026," $ 6,161.92 ",,,,7,,,,,,,
FABRICAS SELECTAS DEL CENTRO,,,,,,,,,,,,,,,,,
FABRICAS SELECTAS DEL CENTRO,,,,,,,,,,,,,,,,,
FABRICAS SELECTAS DEL CENTRO,,,,,,,,,,,,,,,,,
FABRICAS SELECTAS DEL CENTRO,,,,,,,,,,,,,,,,,
FABRICAS SELECTAS DEL CENTRO,,,,,,,,,,,,,,,,,
FABRICAS SELECTAS DEL CENTRO,,,,,,,,,,,,,,,,,
GRANMARK,REGALOS,INSURGENTES,SS2223327,22/5/2026,6/7/2026," $ 6,729.76 ",,," $ 142,063.94 ",7,,,,,RIO,"$83,594",59%
GRANMARK,REGALOS,RIO,SS2223387,25/5/2026,9/7/2026," $ 25,569.86 ",,,,7,,,,,,,
GRANMARK,FIESTA,INSURGENTES,SS2224012,29/5/2026,13/7/2026," $ 6,600.24 ",,,,7,,,,,INSURGENTES,"$58,470",41%
GRANMARK,REGALOS,INSURGENTES,SS2224503,1/6/2026,16/7/2026," $ 45,139.66 ",,,,7,,,,,ENSENADA,$0,0%
GRANMARK,FIESTA,RIO,SS2224518,2/6/2026,17/7/2026," $ 27,367.08 ",,,,7,,,,,,,
GRANMARK,FIESTA,RIO,SS2224529,2/6/2026,17/7/2026," $ 18,396.80 ",,,,7,,,,,MEXICALI,$0,0%
GRANMARK,,RIO,SS2224550,4/6/2026,19/7/2026, $ 2.32 ,,,,7,,,,,CENTRALIZADO,$0,0%
GRANMARK,REGALO,RIO,SS2224772,9/6/2026,24/7/2026," $ 12,258.22 ",,,,7,,,,,,,
GRANMARK,,,,,,,,,,,,,,,,,
GRANMARK,,,,,,,,,,,,,,,,"$142,064",100%
GRANMARK,,,,,,,,,,,,,,,,,
GRANMARK,,,,,,,,,,,,,,,,,
GRANMARK,,,,,,,,,,,,,,,,,
GRANMARK,,,,,,,,,,,,,,,,,
GRANMARK,,,,,,,,,,,,,,,,,
GRANMARK,,,,,,,,,,,,,,,,,
IMPULSORA EURO,,RIO,INV/2026/0786,29/5/2026,28/6/2026," $ 18,059.92 ",,," $ 18,059.92 ",6,,,,,,,
IMPULSORA EURO,,,,,,,,,,,,,,,,,
IMPULSORA EURO,,,,,,,,,,,,,,,,,
IMPRESOS BOLPAQ	,,ENSENADA,F4978,30/4/2026,30/5/2026," $ 14,953.76 ",,," $ 8,941.34 ",,,,,,,,
IMPRESOS BOLPAQ	,,INSURGENTES,F5087,14/5/2026,14/6/2026," $ 8,318.77 "," $ 23,272.53 ",3/7/2026,,,,,,,,,
IMPRESOS BOLPAQ	,,INSURGENTES,F5315,5/6/2026,5/7/2026," $ 8,941.34 ",,,,7,,,,,,,
IMPRESOS BOLPAQ	,,,,,,,,,,,,,,,,,
IMPRESOS BOLPAQ	,,,,,,,,,,,,,,,,,
IMPRESOS BOLPAQ	,,,,,,,,,,,,,,,,,
INFRA,,RIO,PF 356023,26/6/2026,10/7/2026," $ 23,315.28 ",,," $ 23,315.28 ",,,,,,,,
INFRA,,,,,,,,,,,,,,,,,
INFRA,,,,,,,,,,,,,,,,,
INFRA,,,,,,,,,,,,,,,,,
INFRA,,,,,,,,,,,,,,,,,
INFRA,,,,,,,,,,,,,,,,,
INFRA,,,,,,,,,,,,,,,,,
KONTEMPO,,INSURGENTES,A9566,20/5/2026,," $ 8,602.98 ",,," $ 58,821.68 ",,,,,,,,
KONTEMPO,,ENSENADA,A9569,20/5/2026,," $ 15,984.51 ",,,,,,,,,,,
KONTEMPO,,INSURGENTES,A9572,20/5/2026,," $ 3,925.44 ",,,,,,,,,,,
KONTEMPO,,INSURGENTES,A9578,20/5/2026,," $ 14,393.28 ",,,,,,,,,,,
KONTEMPO,,,A9579,20/5/2026,," $ 49,991.01 ",,,,,,,,,,,
KONTEMPO,,ENSENADA,A9587,21/5/2026,," $ 3,505.98 ",,,,,,,,,,,
KONTEMPO,,INSURGENTES,A9592,22/5/2026,," $ 13,366.56 "," $ 50,948.08 ",22/6/2026,,,,,,,,,
KONTEMPO,,,,,,,,,,,,,,,,,
KONTEMPO,,,,,,,,,,,,,,,,,
KONTEMPO,,,,,,,,,,,,,,,,,
KONTEMPO,,,,,,,,,,,,,,,,,
KONTEMPO,,,,,,,,,,,,,,,,,
KONTEMPO,,,,,,,,,,,,,,,,,
KONTEMPO,,,,,,,,,,,,,,,,,
KONTEMPO,,,,,,,,,,,,,,,,,
KONTEMPO,,,,,,,,,,,,,,,,,
KONTEMPO,,,,,,,,,,,,,,,,,
KONTEMPO,(Comisiones),,,,,,,, $ -   ,,,,,,,,
KONTEMPO,(Comisiones),,,,,,,,,,,,,,,,
KONTEMPO,(Comisiones),,,,,,,,,,,,,,,,
KONTEMPO,(Comisiones),,,,,,,,,,,,,,,,
KONTEMPO,(Comisiones),,,,,,,,,,,,,,,,
PATRICIA MENDIVIL DE LEON,(Creativosmx),RIO,F10310,13/5/2026,2/6/2026," $ 3,184.29 ",,," $ 65,677.77 ",6,,,,,,,
PATRICIA MENDIVIL DE LEON,(Creativosmx),INSURGENTES,F10317,14/5/2026,3/6/2026," $ 16,828.51 ",,,,6,,,,,,,
PATRICIA MENDIVIL DE LEON,(Creativosmx),ENSENADA,F10400,10/6/2026,30/6/2026," $ 6,746.79 ",,,,6,,,,,,,
PATRICIA MENDIVIL DE LEON,(Creativosmx),,F10401,10/6/2026,30/6/2026," $ 4,788.48 ",,,,6,,,,,,,
PATRICIA MENDIVIL DE LEON,(Creativosmx),,F10402,10/6/2026,30/6/2026," $ 14,263.66 ",,,,6,,,,,,,
PATRICIA MENDIVIL DE LEON,(Creativosmx),RIO,F10466,29/6/2026,18/7/2026," $ 19,866.04 ",,,,7,,,,,,,
PATRICIA MENDIVIL DE LEON,(Creativosmx),,,,,,,,,,,,,,,,
PATRICIA MENDIVIL DE LEON,(Creativosmx),,,,,,,,,,,,,,,,
PATRICIA MENDIVIL DE LEON,(Creativosmx),,,,,,,,,,,,,,,,
PATRICIA MENDIVIL DE LEON,(Creativosmx),,,,,,,,,,,,,,,,
PATRICIA MENDIVIL DE LEON,(Creativosmx),,,,,,,,,,,,,,,,
PATRICIA MENDIVIL DE LEON,(Creativosmx),,,,,,,,,,,,,,,,
PATRICIA MENDIVIL DE LEON,(Creativosmx),,,,,,,,,,,,,,,,
PATRICIA MENDIVIL DE LEON,(Creativosmx),,,,,,,,,,,,,,,,
PATRICIA MENDIVIL DE LEON,(Creativosmx),,,,,,,,,,,,,,,,
PRODUCTOS NAEN,,RIO,PJT1237,4/6/2026,5/7/2026," $ 15,377.21 ",,," $ 38,306.50 ",7,,,,,,,
PRODUCTOS NAEN,,INSURGENTES,FJT1574,5/6/2026,5/7/2026," $ 22,929.29 ",,,,7,,,,,,,
PRODUCTOS NAEN,,,,,,,,,,,,,,,,,
PRODUCTOS NAEN,,,,,,,,,,,,,,,,,
PRODUCTOS NAEN,,,,,,,,,,,,,,,,,
PRODUCTOS NAEN,,,,,,,,,,,,,,,,,
PRODUCTOS NAEN,,,,,,,,,,,,,,,,,
PRODUCTOS NAEN,,,,,,,,,,,,,,,,,
PRODUCTOS NAEN,,,,,,,,,,,,,,,,,
PRODUCTOS NAEN,,,,,,,,,,,,,,,,,
PRODUCTOS NAEN,,,,,,,,,, ,,,,,,,
RICARDO NUÑEZ MARTIN DEL CAMPO,(Cajas de Madera),RIO,B9562,3/6/2026,3/7/2026," $ 9,836.81 ",,," $ 47,817.74 ",7,,,,,,,
RICARDO NUÑEZ MARTIN DEL CAMPO,(Cajas de Madera),INSURGENTES,B9563,3/6/2026,3/7/2026," $ 10,405.21 ",,,,7,,,,,,,
RICARDO NUÑEZ MARTIN DEL CAMPO,(Cajas de Madera),RIO,B9615,25/6/2026,25/7/2026," $ 27,575.72 ",,,,7,,,,,,,
RICARDO NUÑEZ MARTIN DEL CAMPO,(Cajas de Madera),,,,,,,,,,,,,,,,
RICARDO NUÑEZ MARTIN DEL CAMPO,(Cajas de Madera),,,,,,,,,,,,,,,,
RICARDO NUÑEZ MARTIN DEL CAMPO,(Cajas de Madera),,,,,,,,,,,,,,,,
RICARDO NUÑEZ MARTIN DEL CAMPO,(Cajas de Madera),,,,,,,,,,,,,,,,
RICARDO NUÑEZ MARTIN DEL CAMPO,(Cajas de Madera),,,,,,,,,,,,,,,,
VM FIESTA,,ENSENADA,29451,13/4/2026,25/5/2026," $ 18,579.14 ",,," $ 290,548.06 ",,,,,,,,
VM FIESTA,,INSURGENTES,29479,16/4/2026,31/5/2026," $ 8,847.32 ",,,,,,,,,,,
VM FIESTA,,RIO,29480,16/4/2026,31/5/2026," $ 28,577.76 ",,,,,,,,,,,
VM FIESTA,,INSURGENTES,29513,21/4/2026,5/6/2026," $ 17,023.00 ",,,,,,,,,,,
VM FIESTA,,ENSENADA,29520,22/4/2026,6/6/2026," $ 9,010.30 "," $ 82,037.52 ",3/7/2026,,,,,,,,,
VM FIESTA,,INSURGENTES,29591,6/5/2026,18/6/2026," $ 16,254.50 ",,,,6,,,,,,,
VM FIESTA,,INSURGENTES,29592,6/5/2026,18/6/2026," $ 11,262.44 ",,,,6,,,,,,,
VM FIESTA,,INSURGENTES,29661,13/5/2026,25/6/2026," $ 13,535.46 ",,,,6,,,,,,,
VM FIESTA,,RIO,29662,13/5/2026,25/6/2026," $ 14,381.68 ",,,,6,,,,,,,
VM FIESTA,,RIO,29663,13/5/2026,25/6/2026," $ 21,649.66 ",,,,6,,,,,,,
VM FIESTA,,RIO,29664,13/5/2026,25/6/2026," $ 23,152.44 ",,,,6,,,,,,,
VM FIESTA,,ENSENADA,29776,22/5/2026,6/7/2026," $ 21,724.48 ",,,,7,,,,,,,
VM FIESTA,,RIO,29783,22/5/2026,6/7/2026," $ 19,141.16 ",,,,7,,,,,,,
VM FIESTA,,RIO,29784,22/5/2026,6/7/2026," $ 20,896.82 ",,,,7,,,,,,,
VM FIESTA,,INSURGENTES,29806,26/5/2026,10/7/2026," $ 16,655.28 ",,,,7,,,,,,,
VM FIESTA,,INSURGENTES,29807,26/5/2026,10/7/2026," $ 5,832.48 ",,,,7,,,,,,,
VM FIESTA,,INSURGENTES,29808,26/5/2026,10/7/2026," $ 16,436.04 ",,,,7,,,,,,,
VM FIESTA,,ENSENADA,29821,27/5/2026,11/7/2026," $ 8,282.40 ",,,,7,,,,,,,
VM FIESTA,,RIO,29826,27/5/2026,11/7/2026," $ 10,602.40 ",,,,7,,,,,,,
VM FIESTA,,INSURGENTES,29892,3/6/2026,18/7/2026," $ 12,592.92 ",,,,7,,,,,,,
VM FIESTA,,INSURGENTES,29893,3/6/2026,18/7/2026," $ 13,512.26 ",,,,7,,,,,,,
VM FIESTA,,RIO,29952,10/6/2026,25/7/2026," $ 24,962.04 ",,,,7,,,,,,,
VM FIESTA,,RIO,29953,10/6/2026,25/7/2026," $ 19,673.60 ",,,,7,,,,,,,
VM FIESTA,,,,,,,,,,,,,,,,,
VM FIESTA,,,,,,,,,,,,,,,,,
VM FIESTA,,,,,,,,,,,,,,,,,
VM FIESTA,,,,,,,,,,,,,,,,,
VM FIESTA,,,,,,,,,,,,,,,,,
VM FIESTA,,,,,,,,,,,,,,,,,
VM FIESTA,,,,,,,,,,,,,,,,,
VM FIESTA,,,,,,,,,,,,,,,,,
VM FIESTA,,,,,,,,,,,,,,,,,
VM FIESTA,,,,,,,,,,,,,,,,,
GLOBOS SMITS,,,,,,,,, $ -   ,,,,,,,,
GLOBOS SMITS,,,,,,,,,,,,,,,,,
GLOBOS SMITS,,,,,,,,,,,,,,,,,
,,PROVEEDORES CONTADO,,,,,,,,,,,,,,,
ALEJANDRO URTAZA RODRIGUEZ ,(Divertifiestas),,,,,,,, $ -   ,,,,,,,,
ALEJANDRO URTAZA RODRIGUEZ ,(Divertifiestas),,,,,,,,,,,,,,,,
ALEJANDRO URTAZA RODRIGUEZ ,(Divertifiestas),,,,,,,,,,,,,,,,
ALEJANDRO URTAZA RODRIGUEZ ,(Divertifiestas),,,,,,,,,,,,,,,,
ALEJANDRO URTAZA RODRIGUEZ ,(Divertifiestas),,,,,,,,,,,,,,,,
ALEJANDRO URTAZA RODRIGUEZ ,(Divertifiestas),,,,,,,,,,,,,,,,
BROPAC,(Selladoras),,,,,,,, $ -   ,,,,,,,,
BROPAC,(Selladoras),,,,,,,,,,,,,,,,
BROPAC,(Selladoras),,,,,,,,,,,,,,,,
BASICOS,,,,,,,,, $ -   ,,,,,,,,
BASICOS,,,,,,,,,,,,,,,,,
JOSE ALFONSO REYNA REYES,(oasis),,,,,,,, $ -   ,,,,,,,,
JOSE ALFONSO REYNA REYES,(oasis),,,,,,,,,,,,,,,,
JOSE ALFONSO REYNA REYES,(oasis),,,,,,,,,,,,,,,,
COMERCIALIZADORA Y DISTRIBUIDORA JUGUETIFIESTA,,,,,,,,, $ -   ,,,,,,,,
COMERCIALIZADORA Y DISTRIBUIDORA JUGUETIFIESTA,,,,,,,,,,,,,,,,,
COMERCIALIZADORA Y DISTRIBUIDORA JUGUETIFIESTA,,,,,,,,,,,,,,,,,
COMERCIALIZADORA Y DISTRIBUIDORA JUGUETIFIESTA,,,,,,,,,,,,,,,,,
DISTRIBUIDORA DE POLIETILENO ROMA ,(Sempertex),,,,,,,, $ -   ,,,,,,,,
DISTRIBUIDORA DE POLIETILENO ROMA ,(Sempertex),,,,,,,,,,,,,,,,
DISTRIBUIDORA DE POLIETILENO ROMA ,(Sempertex),,,,,,,,,,,,,,,,
DISTRIBUIDORA DE POLIETILENO ROMA ,(Sempertex),,,,,,,,,,,,,,,,
DISTRIBUIDORA DE POLIETILENO ROMA ,(Sempertex),,,,,,,,,,,,,,,,
DISTRIBUIDORA DE POLIETILENO ROMA ,(Sempertex),,,,,,,,,,,,,,,,
DISTRIBUIDORA DE POLIETILENO ROMA ,(Sempertex),,,,,,,,,,,,,,,,
DINORE,,,,,,,,, $ -   ,,,,,,,,
DINORE,,,,,,,,,,,,,,,,,
DINORE,,,,,,,,,,,,,,,,,
GILDAN TIJUANA,,,,,,,,, $ -   ,,,,,,,,
"GRUPO DE ALIJADORES, ESPECIALIZADOS
EN MANIOBRAS Y SERVICIOS DE
MONTACARGAS Y MOVIMIENTOS EN
GENERAL DE TIJUANA, B.C.",,,,,,,,, $ -   ,,,,,,,,
SOLUCIONES PIEDRASANTA,,,,,,,,, $ -   ,,,,,,,,
SOLUCIONES PIEDRASANTA,,,,,,,,,,,,,,,,,
SOLUCIONES PIEDRASANTA,,,,,,,,,,,,,,,,,
SOLUCIONES PIEDRASANTA,,,,,,,,,,,,,,,,,
SOLUCIONES PIEDRASANTA,,,,,,,,,,,,,,,,,
SOLUCIONES PIEDRASANTA,,,,,,,,,,,,,,,,,
JESUS GILBERTO DURAN LUCERO,,,,,,,,, $ -   ,,,,,,,,
JESUS GILBERTO DURAN LUCERO,,,,,,,,,,,,,,,,,
JESUS GILBERTO DURAN LUCERO,,,,,,,,,,,,,,,,,
JESUS GILBERTO DURAN LUCERO,,,,,,,,,,,,,,,,,
JESUS GILBERTO DURAN LUCERO,,,,,,,,,,,,,,,,,
INFRA ENSENADA,,,16920,3/7/2026,," $ 5,278.93 "," $ 5,278.93 ",6/7/2026, $ -   ,,,,,,,,
INFRA ENSENADA,,,,,,,,,,,,,,,,,
INFRA ENSENADA,,,,,,,,,,,,,,,,,
INFRA ENSENADA,,,,,,,,,,,,,,,,,
INFRA ENSENADA,,,,,,,,,,,,,,,,,
JANEL,menos 5% pronto pago,,,,,,,, $ -   ,,,,,,,,
JANEL,menos 5% pronto pago,,,,,,,,,,,,,,,,
JANEL,menos 5% pronto pago,,,,,,,,,,,,,,,,
JANEL,menos 5% pronto pago,,,,,,,,,,,,,,,,
JANEL,menos 5% pronto pago,,,,,,,,,,,,,,,,
JANEL,menos 5% pronto pago,,,,,,,,,,,,,,,,
JANEL,menos 5% pronto pago,,,,,,,,,,,,,,,,
JOSE GUADALUPE GARCIA MORALES,(Stelarys),,,,,,,, $ -   ,,,,,,,,
JOSE GUADALUPE GARCIA MORALES,(Stelarys),,,,,,,,,,,,,,,,
JOSE GUADALUPE GARCIA MORALES,(Stelarys),,,,,,,,,,,,,,,,
JOSE GUADALUPE GARCIA MORALES,(Stelarys),,,,,,,,,,,,,,,,
JOSE GUADALUPE GARCIA MORALES,(Stelarys),,,,,,,,,,,,,,,,
JOSE LUIS CARLOS CHAVEZ,PC ONE,,,,,,,, $ -   ,,,,,,,,
JOSE LUIS CARLOS CHAVEZ,,,,,,,,,,,,,,,,,
JOFFROY ,(Importacion),,,,,,,, $ -   ,,,,,,,,
JOFFROY ,(Importacion),,,,,,,,,,,,,,,,
JOSE RUBEN RODRIGUEZ LOPEZ,(Pegamento del bueno),,,,,,,, $ -   ,,,,,,,,
JOSE RUBEN RODRIGUEZ LOPEZ,(Pegamento del bueno),,,,,,,,,,,,,,,,
JOSE RUBEN RODRIGUEZ LOPEZ,(Pegamento del bueno),,,,,,,,,,,,,,,,
JOSE RUBEN RODRIGUEZ LOPEZ,(Pegamento del bueno),,,,,,,,,,,,,,,,
JOSE RUBEN RODRIGUEZ LOPEZ,(Pegamento del bueno),,,,,,,,,,,,,,,,
JOSE RUBEN RODRIGUEZ LOPEZ,(Pegamento del bueno),,,,,,,,,,,,,,,,
JOSE RUBEN RODRIGUEZ LOPEZ,(Pegamento del bueno),,,,,,,,,,,,,,,,
JOSE RUBEN RODRIGUEZ LOPEZ,(Pegamento del bueno),,,,,,,,,,,,,,,,
LANCERO,TAZAS,,,,,,,, $ -   ,,,,,,,,
LANCERO,TAZAS,,,,,,,,,,,,,,,,
LANCERO,TAZAS,,,,,,,,,,,,,,,,
VERENICE VALDEZ VELAZQUEZ,IMPRENTA VICTORIA,,,,,,,, $ -   ,,,,,,,,
VERENICE VALDEZ VELAZQUEZ,IMPRENTA VICTORIA,,,,,,,,,,,,,,,,
VERONICA OROZCO ,Galletas,,,,,,,, $ -   ,,,,,,,,
VERONICA OROZCO ,,,,,,,,,,,,,,,,,
MANUFACTURAS 8A,DESC. 5%,,,,,,,, $ -   ,,5.00%,,,,,,
MANUFACTURAS 8A,DESC. 5%,,,,,,,,,,,,,,,,
MANUFACTURAS 8A,DESC. 5%,,,,,,,,,,,,,,,,
MANUFACTURAS 8A,DESC. 5%,,,,,,,,,,,,,,,,
MANUFACTURAS 8A,,,,,,,,,,,,,,,,,
MANUFACTURAS 8A,,,,,,,,,,,,,,,,,
MUNDO DEL LISTON,50% para surtir 50% para enviar,,13773,30/6/2026,," $ 4,718.73 "," $ 4,718.73 ",1/7/2026, $ -   ,,,,,,,,
MUNDO DEL LISTON,50% para surtir 50% para enviar,,,,,,,,,,,,,,,,
MUNDO DEL LISTON,50% para surtir 50% para enviar,,,,,,,,,,,,,,,,
MUNDO DEL LISTON,50% para surtir 50% para enviar,,,,,,,,,,,,,,,,
MUNDO DEL LISTON,,,,,,,,,,,,,,,,,
"PAPEL, DISEÑO Y COLOR",(PADI),,,,,,,, $ -   ,,,,,,,,
"PAPEL, DISEÑO Y COLOR",(PADI),,,,,,,,,,,,,,,,
"PAPEL, DISEÑO Y COLOR",(PADI),,,,,,,,,,,,,,,,
"PAPEL, DISEÑO Y COLOR",(PADI),,,,,,,,,,,,,,,,
"PAPEL, DISEÑO Y COLOR",(PADI),,,,,,,,,,,,,,,,
"PAPEL, DISEÑO Y COLOR",(PADI),,,,,,,,,,,,,,,,
"PAPEL, DISEÑO Y COLOR",(PADI),,,,,,,,,,,,,,,,
"PAPEL, DISEÑO Y COLOR",(PADI),,,,,,,,,,,,,,,,
"PAPEL, DISEÑO Y COLOR",(PADI),,,,,,,,,,,,,,,,
PELUCHERA INTERNACIONAL,,,,,,,,, $ -   ,,,,,,,,
PELUCHERA INTERNACIONAL,,,,,,,,,,,,,,,,,
PELUCHERA INTERNACIONAL,,,,,,,,,,,,,,,,,
PELUCHERA INTERNACIONAL,,,,,,,,,,,,,,,,,
PELUCHERA INTERNACIONAL,,,,,,,,,,,,,,,,,
PELUCHERA INTERNACIONAL,,,,,,,,,,,,,,,,,
PELUCHERA INTERNACIONAL,,,,,,,,,,,,,,,,,
PELUCHERA INTERNACIONAL,,,,,,,,,,,,,,,,,
PELUCHERA INTERNACIONAL,,,,,,,,,,,,,,,,,
PELUCHERA INTERNACIONAL,,,,,,,,,,,,,,,,,
PELUCHERA INTERNACIONAL,,,,,,,,,,,,,,,,,
PELUCHERA INTERNACIONAL,,,,,,,,,,,,,,,,,
PELUCHERA INTERNACIONAL,,,,,,,,,,,,,,,,,
PELUCHERA INTERNACIONAL,,,,,,,,,,,,,,,,,
PELUCHERA INTERNACIONAL,,,,,,,,,,,,,,,,,
PELUCHERA INTERNACIONAL,,,,,,,,,,,,,,,,,
PORFIRIO GARRIDO HERNANDEZ,,,,,,,,, $ -   ,,,,,,,,
PORFIRIO GARRIDO HERNANDEZ,,,,,,,,,,,,,,,,,
PORFIRIO GARRIDO HERNANDEZ,,,,,,,,,,,,,,,,,
PROVEEDORA DE NEGOCIOS SARO,,,,,,,,, $ -   ,,,,,,,,
PROVEEDORA DE NEGOCIOS SARO,,,,,,,,,,,,,,,,,
PROVEEDORA DE NEGOCIOS SARO,,,,,,,,,,,,,,,,,
RUTH SOLIS VELASCO,,,,,,,,, $ -   ,,,,,,,,
RUTH SOLIS VELASCO,,,,,,,,,,,,,,,,,
RIBBONS & WRAPPING,,,,,,,,, $ -   ,,5.00%,,,,,,
RIBBONS & WRAPPING,,,,,,,,,,,,,,,,,
RIBBONS & WRAPPING,,,,,,,,,,,,,,,,,
RIBBONS & WRAPPING,,,,,,,,,,,,,,,,,
RIBBONS & WRAPPING,,,,,,,,,,,,,,,,,
RIBBONS & WRAPPING,,,,,,,,,,,,,,,,,
RIBBONS & WRAPPING,,,,,,,,,,,,,,,,,
RIBBONS & WRAPPING,,,,,,,,,,,,,,,,,
RIBBONS & WRAPPING,,,,,,,,,,,,,,,,,
RIBBONS & WRAPPING,,,,,,,,,,,,,,,,,
RIBBONS & WRAPPING,,,,,,,,,,,,,,,,,
RIBBONS & WRAPPING,,,,,,,,,,,,,,,,,
SOLUCIONES COMERCIALES JM68,(Party Shop),,,,,,,, $ -   ,,,,,,,,
SOLUCIONES COMERCIALES JM68,(Party Shop),,,,,,,,,,,,,,,,
SOLUCIONES COMERCIALES JM68,(Party Shop),,,,,,,,,,,,,,,,
TRANSFORMADORA DE PLASTICOS CARMAN,,,,,,,,, $ -   ,,,,,,,,
TRANSFORMADORA DE PLASTICOS CARMAN,,,,,,,,,,,,,,,,,
,,FLETES,,,,,,,,,,,,,,,
LINEAS INTERNACIONALES TIJUANA DIVISION ONLINE (LIT),,,,,,,,, $ -   ,,,,,,,,
LINEAS INTERNACIONALES TIJUANA DIVISION ONLINE (LIT),,,,,,,,,,,,,,,,,
LINEAS INTERNACIONALES TIJUANA DIVISION ONLINE (LIT),,,,,,,,,,,,,,,,,
LINEAS INTERNACIONALES TIJUANA DIVISION ONLINE (LIT),,,,,,,,,,,,,,,,,
LINEAS INTERNACIONALES TIJUANA DIVISION ONLINE (LIT),,,,,,,,,,,,,,,,,
MARCO ANTONIO BARRANCO GONZALEZ,"DIGLOSA $61,512.50",INSURGENTES,FA-88570,11/5/2026,11/5/2026," $ 2,688.00 ",,, $ -   ,,,,,,,,
MARCO ANTONIO BARRANCO GONZALEZ,"DIGLOSA  $2,940.00",RIO,FA-88571,11/5/2026,11/5/2026," $ 2,016.00 ",,,,,,,,,,,
MARCO ANTONIO BARRANCO GONZALEZ,"DIGLOSA $66,465.01",ENSENADA,FA-88572,11/5/2026,11/5/2026, $ 896.00 ,,,,,,,,,,,
MARCO ANTONIO BARRANCO GONZALEZ,"JUGUETIFIESTA $16,970.80",INSURGENTES,FA-88848,21/5/2026,21/5/2026," $ 3,920.00 ",,,,,,,,,,,
MARCO ANTONIO BARRANCO GONZALEZ,"LANCERO $23,400",RIO,FA-88859,21/5/2026,21/5/2026," $ 4,256.00 ",,,,,,,,,,,
MARCO ANTONIO BARRANCO GONZALEZ,"CARMAN $16,713.98",INSURGENTES,FA-89327,9/6/2026,9/6/2026," $ 4,704.00 ",,,,,,,,,,,
MARCO ANTONIO BARRANCO GONZALEZ,DIGLOSA $,RIO,FA-89351,10/6/2026,10/6/2026," $ 2,912.00 "," $ 21,392.00 ",3 julio,,,,,,,,,
MARCO ANTONIO BARRANCO GONZALEZ,,,,,,,,,,,,,,,,,
MARCO ANTONIO BARRANCO GONZALEZ,,,,,,,,,,,,,,,,,
MARCO ANTONIO BARRANCO GONZALEZ,,,,,,,,,,,,,,,,,
MARCO ANTONIO BARRANCO GONZALEZ,,,,,,,,,,,,,,,,,
MARCO ANTONIO BARRANCO GONZALEZ,,,,,,,,,,,,,,,,,
MARCO ANTONIO BARRANCO GONZALEZ,,,,,,,,,,,,,,,,,
MARCO ANTONIO BARRANCO GONZALEZ,,,,,,,,,,,,,,,,,
MARCO ANTONIO BARRANCO GONZALEZ,,,,,,,,,,,,,,,,,
ROBERTO OMAR LOPEZ GONZALEZ,Transportista Estados Unidos,,,,,,,, $ -   ,,,,,,,,
ROBERTO OMAR LOPEZ GONZALEZ,Transportista Estados Unidos,,,,,,,,,,,,,,,,
TI TRANSPORTES Y PAQUETERIA DEL PACIFICO,,,,,,,,, $ -   ,,,,,,,,
TI TRANSPORTES Y PAQUETERIA DEL PACIFICO,,,,,,,,,,,,,,,,,
TI TRANSPORTES Y PAQUETERIA DEL PACIFICO,,,,,,,,,,,,,,,,,
TI TRANSPORTES Y PAQUETERIA DEL PACIFICO,,,,,,,,,,,,,,,,,
TI TRANSPORTES Y PAQUETERIA DEL PACIFICO,,,,,,,,,,,,,,,,,
TI TRANSPORTES Y PAQUETERIA DEL PACIFICO,,,,,,,,,,,,,,,,,
TRANSPORTES GARCIA MEDRANO,"MUNDO DEL LISTON VF. $14,119.74",RIO,G169,9/6/2023,9/6/2023, $ 860.00 ,,, $ 860.00 ,VENCIDA,,,,,,,
TRANSPORTES GARCIA MEDRANO,,,,,,,,,,,,,,,,,
TRANSPORTES GARCIA MEDRANO,,,,,,,,,,,,,,,,,
TRANSPORTES JULIAN DE OBREGON,,,,,,,,, $ -   ,,,,,,,,
TRANSPORTES JULIAN DE OBREGON,,,,,,,,,,,,,,,,,
TRANSPORTES JULIAN DE OBREGON,,,,,,,,,,,,,,,,,
TRANSPORTES JULIAN DE OBREGON,,,,,,,,,,,,,,,,,
TRANSPORTES PITIC,,,,,,,,, $ -   ,,,,,,,,
TRANSPORTES PITIC,,,,,,,,,,,,,,,,,
TRANSPORTES PITIC,,,,,,,,,,,,,,,,,
TRESGUERRAS,,,,,,,,,,,,,,,,,
TRESGUERRAS,,,,,,,,,,,,,,,,,
AUTOTRANSPORTES Y CARGA PTX,FLETE,,,,,,,, $ -   ,,,,,,,,
AUTOTRANSPORTES Y CARGA PTX,FLETE,,,,,,,,,,,,,,,,
,,PROVEEDORES DOLARES,,,,,,,,,,,,,,,
JOKER PARTY SUPPLY,,,,1/7/2026,, $ 601.00 , $ 601.00 ,3/7/2026, $ -   ,,,,,,,,
JOKER PARTY SUPPLY,,,,,,,,,,,,,,,,,
JOKER PARTY SUPPLY,,,,,,,,,,,,,,,,,
JOKER PARTY SUPPLY,,,,,,,,,,,,,,,,,
JOKER PARTY SUPPLY,,,,,,,,,,,,,,,,,
KRUS CORPORATION,(Wintime),,,,,,,, $ -   ,,,,,,,,
KRUS CORPORATION,(Wintime),,,,,,,,,,,,,,,,
KRUS CORPORATION,(Wintime),,,,,,,,,,,,,,,,
KRUS CORPORATION,(Wintime),,,,,,,,,,,,,,,,
KRUS CORPORATION,(Wintime),,,,,,,,,,,,,,,,
KRUS CORPORATION,(Wintime),,,,,,,,,,,,,,,,
,,,,,,,,,,,,,,,,,
,,,,,,,,,,,,,,,RIO,"$556,610",90%
,,,,,,,,SUMA DLLS, $ -   ,,,,,,INSURGENTES,"$58,470",10%
,,,,,,,,,,,,,,,ENSENADA,$0,0%
,,,,,,,,,,,,,,,MEXICALI,$0,0%
,,,,,,,,,,,,,,,CENTRALIZADO,$0,0%
,,,,,,,,,,,,,,,,"$615,079",100%